No;Kabupaten/Kota;Dimensi 1;Dimensi 2;Dimensi 3;Dimensi 4;Dimensi 5;Dimensi 6;Indeks Total;Kategori;Rangking;Klaster
1;Kota Depok;9.970;13.852;15.000;20.000;20.000;10.000;88.822;Baik;1;Sangat Tinggi
2;Kab Karawang;11.056;11.562;15.000;20.000;12.000;10.000;79.618;Cukup Baik;2;Sangat Tinggi
3;Kab Sukabumi;12.517;12.847;15.000;20.000;8.000;10.000;78.364;Cukup Baik;3;Sangat Tinggi
4;Kab Bekasi;11.670;8.576;15.000;20.000;16.000;6.670;77.916;Cukup Baik;4;Sangat Tinggi
5;Kab Tasikmalaya;12.888;13.790;15.000;20.000;4.000;10.000;75.678;Cukup Baik;5;Rendah
6;Kab Indramayu;13.268;8.993;15.000;20.000;8.000;10.000;75.261;Cukup Baik;6;Rendah
7;Kab Garut;13.295;6.736;14.062;20.000;8.000;10.000;72.093;Cukup Baik;7;Rendah
8;Kab Cianjur;10.698;12.812;14.531;20.000;4.000;10.000;72.041;Cukup Baik;8;Tinggi
9;Kota Tasikmalaya;13.180;9.214;15.000;20.000;4.000;10.000;71.394;Cukup Baik;9;Rendah
10;Kab Subang;11.625;6.736;15.000;20.000;8.000;10.000;71.361;Cukup Baik;10;Sedang
11;Kab Sumedang;14.685;7.430;15.000;20.000;4.000;10.000;71.115;Cukup Baik;11;Rendah
12;Kota Bogor;10.315;8.657;14.062;20.000;8.000;10.000;71.034;Cukup Baik;12;Tinggi
13;Kab Bandung Barat;9.170;8.194;15.000;20.000;8.000;10.000;70.364;Cukup Baik;13;Rendah
14;Kab Purwakarta;13.804;7.881;14.531;20.000;4.000;10.000;70.216;Cukup Baik;14;Sedang
15;Kota Cimahi;9.545;7.500;15.000;20.000;8.000;10.000;70.045;Cukup Baik;15;Sedang
16;Kab Cirebon;12.950;8.125;14.531;20.000;4.000;10.000;69.606;Cukup Baik;16;Rendah
17;Kab Bogor;11.125;13.541;7.968;20.000;12.000;3.340;67.974;Cukup Baik;17;Sangat Tinggi
18;Kab Majalengka;10.605;7.986;15.000;20.000;4.000;10.000;67.591;Cukup Baik;18;Rendah
19;Kota Sukabumi;11.655;8.958;12.188;20.000;4.000;10.000;66.801;Cukup Baik;19;Sedang
20;Kota Bekasi;11.197;7.881;15.000;13.333;16.000;3.340;66.751;Cukup Baik;20;Sangat Tinggi
21;Kota Banjar;9.754;7.992;15.000;20.000;4.000;10.000;66.746;Cukup Baik;21;Rendah
22;Kab Bandung;9.003;8.854;14.531;20.000;4.000;10.000;66.388;Cukup Baik;22;Sangat Tinggi
23;Kota Cirebon;9.118;7.777;15.000;20.000;4.000;10.000;65.895;Cukup Baik;23;Rendah
24;Kab Ciamis;10.769;7.395;15.000;13.333;4.000;10.000;60.497;Cukup Baik;24;Sangat Rendah
25;Kota Bandung;14.004;8.791;8.906;6.667;16.000;3.340;57.708;Cukup Baik;25;Sangat Tinggi
26;Kab Kuningan;10.329;6.770;7.968;20.000;4.000;6.670;55.737;Cukup Baik;26;Sangat Rendah
27;Kab Pangandaran;9.451;12.326;14.531;13.333;4.000;0.000;53.641;Cukup Baik;27;Rendah
;;;;;;;;;;;
;;;;;;;;;;;